label,x0,y0,z0,x1,y1,z1,x2,y2,z2,x3,y3,z3,x4,y4,z4,x5,y5,z5,x6,y6,z6,x7,y7,z7,x8,y8,z8,x9,y9,z9,x10,y10,z10,x11,y11,z11,x12,y12,z12,x13,y13,z13,x14,y14,z14,x15,y15,z15,x16,y16,z16,x17,y17,z17,x18,y18,z18,x19,y19,z19,x20,y20,z20,x21,y21,z21,x22,y22,z22,x23,y23,z23,x24,y24,z24,x25,y25,z25,x26,y26,z26,x27,y27,z27,x28,y28,z28,x29,y29,z29,x30,y30,z30,x31,y31,z31,x32,y32,z32
Caminando_Frente,0.49207220077514646,0.20822858214378356,-0.4396107137203217,0.4984752058982849,0.20117107033729553,-0.4220424354076385,0.5026054978370667,0.20113600492477418,-0.4220589339733124,0.5066852450370789,0.20111705660820006,-0.42208254933357237,0.48408918976783755,0.20182125568389891,-0.4253695547580719,0.47904558181762696,0.20219672620296478,-0.42542392015457153,0.47436014413833616,0.20268074572086334,-0.42547082901000977,0.5133937478065491,0.20362779200077058,-0.2903907835483551,0.46865285038948057,0.2056545704603195,-0.3044487476348877,0.5010985374450684,0.2156263530254364,-0.38713658452033994,0.4837056040763855,0.21625709235668183,-0.39142223000526427,0.5484342575073242,0.24648559093475342,-0.19059422016143798,0.43746269345283506,0.2474950671195984,-0.20461620390415192,0.5518606185913086,0.293899804353714,-0.140162193775177,0.42795981764793395,0.298291939496994,-0.16011536121368408,0.5522539854049683,0.33410850167274475,-0.27093166708946226,0.42998295426368716,0.34142705202102663,-0.2697639524936676,0.5538058280944824,0.34703126549720764,-0.30907586216926575,0.4287178099155426,0.35520423054695127,-0.30801382660865784,0.5492729187011719,0.34700716733932496,-0.34458679556846616,0.43630504608154297,0.35440986752510073,-0.3427772045135498,0.5464794874191284,0.343469625711441,-0.28798524141311643,0.4389046788215637,0.35001787543296814,-0.28514485955238345,0.5173817992210388,0.33682586550712584,-0.013874447718262673,0.45913777947425843,0.33581588268280027,0.01380533967167139,0.5053678512573242,0.4069500982761383,-0.011789793753996492,0.45971500873565674,0.4009792745113373,0.12124101668596268,0.50829918384552,0.46877856850624083,0.1525494009256363,0.46943228840827944,0.441809344291687,0.4506510078907013,0.5065021991729737,0.47628363966941833,0.16000424027442933,0.4762205958366394,0.446435284614563,0.47734718918800356,0.5063453674316406,0.49080160856246946,0.0012163028353825212,0.4585284888744354,0.46573562622070314,0.3657446801662445
Caminando_Frente,0.48842265605926516,0.2061545729637146,-0.4631768524646759,0.4947578012943268,0.1989308178424835,-0.4448598146438599,0.4992073953151703,0.19894453883171082,-0.44487274885177613,0.5039390385150909,0.19903114140033723,-0.4448998153209686,0.4805647134780884,0.19940232634544372,-0.4481403946876526,0.47525123953819276,0.1998077839612961,-0.44820612072944643,0.471177077293396,0.20025229454040527,-0.44825321435928345,0.5099017083644867,0.20255793035030364,-0.3075340747833252,0.46457000970840456,0.20425405502319335,-0.32182095646858216,0.49761814475059507,0.2139292687177658,-0.4087973177433014,0.47958056926727294,0.21436170041561126,-0.4130526542663574,0.5455206990242004,0.2459450453519821,-0.19709263145923614,0.43062540888786316,0.24568962156772614,-0.22044030725955963,0.5484825015068054,0.2954322576522827,-0.13441760540008546,0.41845051050186155,0.2968458294868469,-0.16287134885787963,0.5479297757148742,0.3386470079421997,-0.2600892722606659,0.4164827764034271,0.3405210852622986,-0.2677315056324005,0.549708366394043,0.3503592491149902,-0.2952865242958069,0.41227295994758606,0.35391069054603574,-0.30632396340370177,0.5452983856201172,0.35025314092636106,-0.33529193997383117,0.4196739554405212,0.35350537300109863,-0.34516178369522094,0.5428262114524841,0.34687604308128356,-0.27809788584709166,0.42329509258270265,0.34902157783508303,-0.2850064098834991,0.5126899719238281,0.3366011202335358,-0.005290446407161653,0.45100942850112913,0.33537384271621706,0.005124084977433085,0.4987126290798187,0.4109066963195801,-0.013661093823611737,0.44764740467071534,0.40509443283081054,0.06054705865681172,0.4983182728290558,0.4691156506538391,0.21482960879802704,0.4563453018665314,0.4382946193218231,0.44814910888671877,0.4963943541049957,0.47579123377799987,0.22922990918159486,0.46135866045951845,0.4409049332141876,0.4790968239307404,0.4954376220703125,0.4914091169834137,0.07854785770177841,0.4498798429965973,0.4656080901622772,0.37677081823349
Caminando_Frente,0.4566332519054413,0.20248687267303467,-0.4700412809848785,0.46266732215881345,0.19534089863300325,-0.452658474445343,0.46776001453399657,0.19544708728790283,-0.45267859697341917,0.47256534099578856,0.19562425315380097,-0.45270139575004575,0.44895840883255006,0.19533740282058715,-0.45407551527023315,0.4436619162559509,0.19553641974925995,-0.45413761138916015,0.4385988414287567,0.1958864450454712,-0.45419310331344603,0.47862253785133363,0.19908953607082366,-0.3169956147670746,0.4302636981010437,0.20014672875404357,-0.3238916575908661,0.4652981996536255,0.2110843062400818,-0.416413015127182,0.44831040501594543,0.21164429783821107,-0.4185029864311218,0.513683819770813,0.24516631066799163,-0.20805667340755463,0.394647490978241,0.242604660987854,-0.2191242456436157,0.5155446052551269,0.29706833362579343,-0.14215971827507018,0.3812917470932007,0.2954170346260071,-0.15442599058151246,0.5160722017288208,0.34202011227607726,-0.2669300138950348,0.37463703751564026,0.34004785418510436,-0.2568135529756546,0.5178820252418518,0.35426356792449953,-0.30214436650276183,0.36887824535369873,0.353982138633728,-0.2921480119228363,0.5129096746444702,0.35400238037109377,-0.3431326687335968,0.3765723526477814,0.35402626991271974,-0.33016968369483946,0.5100635707378387,0.349835205078125,-0.2849281907081604,0.38047335743904115,0.34912375807762147,-0.27371943593025205,0.47946513295173643,0.33737418055534363,0.0004314228310249746,0.4159610033035278,0.33553696870803834,-0.0006286141113378107,0.46506771445274353,0.4132683515548706,-0.0006188230530824512,0.41351003050804136,0.4068068087100983,0.03786525279283524,0.45939340591430666,0.4695136070251465,0.24319377541542053,0.4171521902084351,0.43503848314285276,0.44049655795097353,0.45578216314315795,0.47652994394302367,0.2600782960653305,0.4196720063686371,0.436877578496933,0.4782472848892212,0.4581394135951996,0.4916428565979004,0.11872934997081756,0.41480645537376404,0.4653108656406403,0.39307721257209777
Caminando_Frente,0.42772284150123596,0.19864739179611207,-0.47089117765426636,0.43472470045089723,0.1914728283882141,-0.4522497594356537,0.4401049673557281,0.19164633750915527,-0.4522877991199493,0.44492732882499697,0.19190122485160827,-0.45233755111694335,0.419979190826416,0.19131362438201904,-0.4544129431247711,0.41505064368247985,0.19138169586658477,-0.45446916222572326,0.4101823031902313,0.19157629311084748,-0.45451093316078184,0.4504953742027283,0.19489436447620392,-0.3074351787567139,0.4025158166885376,0.19511520564556123,-0.32158522605895995,0.4366028368473053,0.20763381719589233,-0.4147160589694977,0.41863368153572084,0.2078005075454712,-0.41899587512016295,0.4833920359611511,0.2427794963121414,-0.19135016202926636,0.36414734125137327,0.23874590396881104,-0.21884044408798217,0.48858857750892637,0.2967851996421814,-0.12094850689172745,0.34893829226493833,0.2917748749256134,-0.15887947082519532,0.4875555455684662,0.34267756938934324,-0.2519288152456284,0.3403968811035156,0.33592463135719297,-0.2689012587070465,0.49004899263381957,0.3559908092021942,-0.28909139037132264,0.33320034146308897,0.3504173457622528,-0.3078684866428375,0.4846506655216217,0.3554094135761261,-0.3319557011127472,0.3423557221889496,0.35041303038597105,-0.34839553833007814,0.48177037835121156,0.35087028741836546,-0.27108790874481203,0.3465368688106537,0.34584600329399107,-0.2868886530399323,0.44710493683815,0.3371731698513031,0.005756919318810105,0.3826860308647156,0.3347530007362366,-0.005982479685917497,0.4314322829246521,0.4143209457397461,0.008016390213742852,0.3819265365600586,0.4086786985397339,-0.00026705325581133366,0.42310754060745237,0.4697463870048523,0.2989208400249481,0.3843105435371399,0.44344261288642883,0.3993299901485443,0.4191891074180603,0.47660074234008787,0.32087101936340334,0.38650203347206114,0.44553292989730836,0.4354884386062622,0.4233803033828735,0.49228004813194276,0.18442994356155396,0.3819053411483765,0.47296342849731443,0.33670629262924195
Caminando_Frente,0.42679672241210936,0.19347802698612213,-0.42138091325759885,0.43478128910064695,0.18585892617702485,-0.40023923516273496,0.4396012008190155,0.18592689633369447,-0.4002762198448181,0.44357640147209165,0.1861237555742264,-0.4003042161464691,0.4192689836025238,0.1860336184501648,-0.4027222752571106,0.4139381110668182,0.18633526861667632,-0.4027515172958374,0.4091933906078339,0.18674977719783784,-0.4027907907962799,0.4497744917869568,0.18969307243824005,-0.2596428573131561,0.4031508445739746,0.1900710791349411,-0.26882047653198243,0.4361121952533722,0.20193226039409637,-0.36601189374923704,0.41723914742469786,0.2024019718170166,-0.3697799265384674,0.4843090415000916,0.2395026296377182,-0.1602650284767151,0.36473864912986753,0.23512131571769715,-0.17678080797195433,0.4898693859577179,0.29409484267234803,-0.09605600237846375,0.34649174809455874,0.2883163332939148,-0.12804814726114272,0.4865359961986542,0.34065365195274355,-0.2341942608356476,0.3398855566978455,0.3325061321258545,-0.23851859271526338,0.48838096857070923,0.3551478087902069,-0.27489836812019347,0.33427088260650634,0.3476171851158142,-0.2766273975372314,0.481576019525528,0.354506379365921,-0.31716394424438477,0.3419854283332825,0.3472749352455139,-0.31538801789283755,0.4786481142044067,0.3502777934074402,-0.25339301824569704,0.3455859363079071,0.3433027744293213,-0.2561435580253601,0.44494618773460387,0.33750239610671995,0.009271123446524143,0.37887694239616393,0.3342411518096924,-0.009501141496002674,0.4296667993068695,0.4131376385688782,0.016817275248467923,0.3796710669994354,0.40894412994384766,0.01638430431485176,0.41788389086723327,0.4684093534946442,0.3171747088432312,0.3835678219795227,0.45985362529754636,0.3152061879634857,0.4140093684196472,0.4746399521827698,0.3384432137012482,0.38557559847831724,0.4654456079006195,0.3375451028347015,0.4216699779033661,0.49116100668907164,0.1887939155101776,0.3766250491142273,0.48573891520500184,0.18969174921512605
Caminando_Frente,0.43248129487037656,0.19020012617111207,-0.41498863101005556,0.440298455953598,0.18258568346500398,-0.3925952613353729,0.44515106081962585,0.18269530236721038,-0.39265682697296145,0.45004758834838865,0.18291195333003998,-0.3926841676235199,0.42540994882583616,0.18276368081569672,-0.3946809351444244,0.41979317665100097,0.18312880992889405,-0.394721782207489,0.4144177734851837,0.18363745808601378,-0.39478105306625366,0.45742362141609194,0.18662210702896118,-0.24619241058826447,0.4080253064632416,0.18701897859573363,-0.2561891973018646,0.4404079556465149,0.19849971532821656,-0.3589355170726776,0.4227780163288116,0.1991377979516983,-0.36199934482574464,0.4930726528167725,0.23605024218559265,-0.14752736389636995,0.37068723440170287,0.23245684802532196,-0.15376817882061006,0.4960984945297241,0.2892387330532074,-0.10254288315773011,0.3519841551780701,0.2868929862976074,-0.10463085323572159,0.49100635647773744,0.33484519124031065,-0.2763308107852936,0.34387101531028746,0.3310108304023743,-0.23199363350868224,0.4918235599994659,0.3505531370639801,-0.32297600507736207,0.33964836597442627,0.3465366065502167,-0.2718216359615326,0.48447991013526914,0.34930099844932555,-0.36555413603782655,0.3466931879520416,0.3459007441997528,-0.31167797446250917,0.4816598236560822,0.345808345079422,-0.2956636369228363,0.3499514043331146,0.3418646275997162,-0.24979566037654877,0.45267857909202575,0.33686684966087344,0.0019933864998165516,0.3838822841644287,0.33263155817985535,-0.0020686742151156067,0.4315521836280823,0.41164270639419553,0.020566166378557682,0.38557612895965576,0.4104764759540558,0.012158387340605259,0.4225997030735016,0.46871578097343447,0.3036242961883545,0.38824271559715273,0.47509936690330506,0.24508207142353058,0.4194705069065094,0.4758192539215088,0.3220058262348175,0.3922844111919403,0.48443796038627623,0.25909473896026614,0.4260465145111084,0.4898763716220856,0.1680569738149643,0.3793020486831665,0.4988138198852539,0.092113022133708
Caminando_Frente,0.43961904048919676,0.19066122174263,-0.4017662465572357,0.4467499852180481,0.18353213965892792,-0.3789324939250946,0.4521572947502136,0.1836467981338501,-0.37900134921073914,0.456745970249176,0.18386452794075012,-0.3790129780769348,0.4327352464199066,0.18350131809711456,-0.3810840129852295,0.42742573022842406,0.18361642360687255,-0.3811348438262939,0.4219342589378357,0.18388792872428894,-0.38122361302375796,0.4640189826488495,0.18722253739833833,-0.23018304705619813,0.41501617431640625,0.1873271346092224,-0.24101450443267822,0.4463775098323822,0.19937029778957366,-0.3450537323951721,0.43014766573905944,0.19962939321994783,-0.34825466871261596,0.49981869459152223,0.23587197661399842,-0.1295094147324562,0.3771861016750336,0.23269163072109222,-0.14050169587135314,0.5025569558143616,0.28859606981277464,-0.09792958199977875,0.35738726854324343,0.28735268115997314,-0.09374603182077408,0.49744991660118104,0.3330550491809845,-0.28701440095901487,0.35006519556045534,0.3321393132209778,-0.22770971655845643,0.49657524228096006,0.34864966869354247,-0.33636370301246643,0.34647720456123354,0.3472719371318817,-0.27047069668769835,0.48780466318130494,0.34717568159103396,-0.37942671179771426,0.3533181071281433,0.34689887762069704,-0.3097666323184967,0.4851468622684479,0.3435467541217804,-0.3070098638534546,0.35636866092681885,0.34281867146492007,-0.24527547657489776,0.46205865144729613,0.33796980381011965,0.009079980757087469,0.3928358554840088,0.3341151297092438,-0.009056222066283226,0.43695748448371885,0.40953311920166013,0.0633183665573597,0.3896423399448395,0.4106030404567719,-0.020940524712204932,0.4267744541168213,0.46689311861991883,0.352729856967926,0.3900026321411133,0.4812012314796448,0.16758203506469727,0.422771954536438,0.4741839408874512,0.3741176426410675,0.39394010305404664,0.4916622817516327,0.17671577036380767,0.4295656502246857,0.4887841999530792,0.2279247909784317,0.3896052062511444,0.5019111871719361,0.0014495243434794248
Caminando_Frente,0.4600956439971924,0.19314393699169158,-0.45378538966178894,0.46670785546302795,0.18588992655277253,-0.4307334363460541,0.4718951880931854,0.18598216474056245,-0.4307908356189728,0.476937735080719,0.18614976108074188,-0.4308020055294037,0.4520761728286743,0.18595731258392334,-0.43313108682632445,0.4463326334953308,0.1861744523048401,-0.4332012295722961,0.44046894311904905,0.18655479848384857,-0.4333034157752991,0.4838123083114624,0.1898884654045105,-0.27260812520980837,0.43108688592910765,0.19152295589447021,-0.2852030277252197,0.4684198498725891,0.20266194641590118,-0.3928699195384979,0.45158571004867554,0.2031676232814789,-0.39657023549079895,0.5223779678344727,0.2390130877494812,-0.1557552069425583,0.39424213767051697,0.23841070234775544,-0.17222660779953003,0.5231346011161804,0.2937514543533325,-0.09534335285425186,0.3752362012863159,0.2931377112865448,-0.1114795133471489,0.5215861678123475,0.33758607506752014,-0.2594861090183258,0.3720413029193878,0.33918464183807373,-0.251006543636322,0.5220019221305847,0.3520061731338501,-0.30553914308547975,0.36824520826339724,0.3538783550262451,-0.29464816451072695,0.5137435615062713,0.3507222175598145,-0.3517462134361267,0.37558543086051943,0.3534786760807037,-0.33465604186058046,0.5104516923427582,0.3470297396183014,-0.28007320165634153,0.3788371026515961,0.3489405333995819,-0.2687119603157043,0.48340333700180055,0.3432692587375641,0.011842684564180672,0.41429526209831236,0.3407286167144775,-0.011804240802302957,0.46272159814834596,0.4134456396102905,0.06116966232657432,0.41786720156669616,0.4190946340560913,-0.01740234703756869,0.4537618637084961,0.4648923397064209,0.4080649673938751,0.4218873858451843,0.48944506645202634,0.18941155970096588,0.4492226243019104,0.4701698303222656,0.4361764848232269,0.42350449562072756,0.49815561175346373,0.20159493684768676,0.4579896330833435,0.48840379118919375,0.30928586721420287,0.42423328161239626,0.5115137934684754,0.02396658081561327
Caminando_Frente,0.48842449188232423,0.1966507077217102,-0.47817355394363403,0.494706404209137,0.1884278804063797,-0.4550588011741638,0.4996898353099823,0.18837789595127105,-0.45511173009872435,0.5047852873802186,0.18848498165607452,-0.45512217879295347,0.47997488975524905,0.18912576138973236,-0.4573576748371124,0.4742075026035309,0.1896340399980545,-0.45742889046669005,0.4681506812572479,0.19023238122463226,-0.4575329661369324,0.5118751585483551,0.1929127961397171,-0.29415722489356994,0.4586806416511536,0.19548803567886353,-0.3074334323406219,0.4974113702774048,0.2058425486087799,-0.4163262605667114,0.48010206818580625,0.20649273991584777,-0.4200141131877899,0.5530906438827514,0.2419074922800064,-0.1785593181848526,0.423772531747818,0.24398833513259888,-0.18675537407398224,0.5567490339279175,0.29757176637649535,-0.12085167467594146,0.4074488580226898,0.29891787767410277,-0.12814671397209168,0.5577463388442994,0.3438788115978241,-0.2841066956520081,0.4055530071258545,0.3465384244918823,-0.2670057058334351,0.5590037822723388,0.3587816894054413,-0.33012388944625853,0.4028595268726349,0.36218544840812683,-0.30996617674827576,0.5505882382392884,0.3579527199268341,-0.3761010646820068,0.4100607395172119,0.36192992329597473,-0.35051767230033876,0.5471348404884339,0.3534953653812408,-0.3051172137260437,0.41330466270446775,0.3566965401172638,-0.284734046459198,0.5198925018310547,0.3471387684345245,0.002097694342955947,0.44988112449645995,0.34596717953681944,-0.002018373878672719,0.5068023264408111,0.4188090682029724,0.06674245968461037,0.45951239466667176,0.4270924925804138,-0.0089949706569314,0.4994839310646057,0.464828634262085,0.45764018297195436,0.4689823389053345,0.49678756594657897,0.18545808792114257,0.4942906439304352,0.46883740425109866,0.49050946831703185,0.47414425015449524,0.5048211693763733,0.1959491491317749,0.5023581624031067,0.48879116773605347,0.3769951105117798,0.46410674452781675,0.5219422817230225,0.017867444036528467
Caminando_Frente,0.5001592218875885,0.19513744711875916,-0.4585449993610382,0.5069324612617493,0.1871982306241989,-0.4348887145519257,0.5120418429374695,0.18715053498744966,-0.43495785593986513,0.5172602534294128,0.18723660707473755,-0.4349899709224701,0.4916045248508453,0.18781690001487733,-0.43648948073387145,0.48562785387039187,0.18829219937324523,-0.4365425705909729,0.47993201613426206,0.18885299563407898,-0.4366521418094635,0.5247163534164428,0.1912614583969116,-0.2760938823223114,0.47142452001571655,0.1942601591348648,-0.28562855124473574,0.509561288356781,0.2045426309108734,-0.39737107157707213,0.49159074425697324,0.20545294284820556,-0.40006840229034424,0.5674176573753357,0.24127250611782075,-0.17667058110237122,0.43720170855522156,0.24434947967529297,-0.16201396882534028,0.5759993314743042,0.2989767849445343,-0.1173627108335495,0.4210127592086792,0.30134437680244447,-0.10535440593957901,0.5771633386611938,0.347955584526062,-0.2741641402244568,0.42044624090194704,0.350382524728775,-0.24711520373821258,0.5798449397087098,0.36314475536346436,-0.3198663592338562,0.41859789490699767,0.3654682457447052,-0.2893846809864044,0.571232283115387,0.36257712841033934,-0.3650531113147736,0.4261299192905426,0.36548911333084105,-0.3312889516353607,0.5676193833351135,0.3578688383102417,-0.29434207677841184,0.42917664647102355,0.360332053899765,-0.26571879386901853,0.5364509344100952,0.3508818209171295,-0.005645367293618619,0.464349639415741,0.3496255993843079,0.005703359120525419,0.5285426855087281,0.4271690249443054,0.0034633414819836617,0.4760802149772644,0.4319523811340332,0.010741467331536114,0.5250799417495727,0.4574917197227478,0.45126497745513916,0.49060333967208863,0.50245680809021,0.24275491535663604,0.521265959739685,0.45970799326896666,0.4893210530281067,0.49629045128822324,0.5102503299713135,0.2578670084476471,0.5226894021034241,0.48812358975410464,0.3830702185630798,0.4857048273086548,0.526567816734314,0.08971935287117958
Caminando_Frente,0.49583611488342283,0.18885728120803832,-0.5120602607727051,0.5034915208816528,0.1799233913421631,-0.4887190103530884,0.5086823225021362,0.17983817756175996,-0.4887645959854126,0.5131691813468933,0.17999640107154846,-0.48881341218948365,0.4870680272579193,0.1804926425218582,-0.49049156308174136,0.48094741106033323,0.18099144995212554,-0.4905390560626984,0.47550230622291567,0.18149013221263885,-0.490609222650528,0.5208641171455384,0.1838595151901245,-0.3230993449687958,0.46820099353790284,0.18576162457466125,-0.33300442099571226,0.5059823870658875,0.19818688333034515,-0.44765871167182925,0.4868710696697235,0.19898565411567687,-0.450736528635025,0.5630130648612977,0.23764126300811766,-0.2102773368358612,0.43168550729751587,0.23855820000171662,-0.20679958462715148,0.5734763622283936,0.29861114621162416,-0.13942422866821289,0.41571255922317507,0.2971820652484894,-0.15037016868591307,0.5735860466957092,0.349164754152298,-0.28552345633506776,0.4121886670589447,0.34881122708320617,-0.2875241100788116,0.5770471215248107,0.3638870596885681,-0.33027163743972776,0.4077161490917206,0.36471410393714904,-0.3305368185043335,0.5701502084732055,0.36319645643234255,-0.3775251507759094,0.417298698425293,0.36456618905067445,-0.3738921761512756,0.566617238521576,0.3589170277118683,-0.3062425434589386,0.42083743810653684,0.3595738232135773,-0.3070079743862152,0.5293543934822083,0.3487190842628479,-0.004045841027982533,0.45868911743164065,0.34918835759162903,0.0040017294231802225,0.5264314532279968,0.42332821488380434,-0.008206881070509552,0.47043985724449155,0.43151146173477173,0.03168267495930195,0.5242820739746094,0.45264267921447754,0.4872478902339935,0.4856749713420868,0.5000872433185577,0.3127903342247009,0.5197223782539367,0.45415278673172,0.5294314861297608,0.49133960008621214,0.5075142621994019,0.33360331058502196,0.5282908797264099,0.48616865277290344,0.42513535022735593,0.4808587312698364,0.5251819729804993,0.1677238255739212
Caminando_Frente,0.49359174370765685,0.18205539584159852,-0.5348690152168274,0.5016541600227356,0.17270362079143525,-0.5111566066741944,0.5072629451751709,0.17270455062389373,-0.511207914352417,0.5116681814193725,0.1728152871131897,-0.5112741589546204,0.4832342565059662,0.17299898564815522,-0.5134301304817199,0.4760203719139099,0.17333892583847046,-0.5134880185127259,0.47198585867881776,0.1737333983182907,-0.5135602116584778,0.5186986684799194,0.176356241106987,-0.34134107232093813,0.46388029456138613,0.17793433070182801,-0.35401861667633056,0.5042359948158264,0.19172612726688384,-0.4686191201210022,0.4821756601333618,0.19215919971466064,-0.47246538996696474,0.5604234337806702,0.23258566558361055,-0.2236647427082062,0.4210473716259003,0.23245472013950347,-0.22029180228710174,0.5708152890205384,0.29538164138793943,-0.15186696052551268,0.40524581670761106,0.29232335090637207,-0.16021643280982972,0.5727487921714782,0.3478619039058685,-0.30276898145675657,0.39935819506645204,0.3448077321052551,-0.29374443292617797,0.576432728767395,0.3636229336261749,-0.34933375716209414,0.39401371479034425,0.36307721138000487,-0.3347949802875519,0.5701050877571106,0.3630412697792053,-0.3981240034103394,0.4043508231639862,0.363116854429245,-0.3828630208969116,0.5666518449783325,0.35890079736709596,-0.3245499014854431,0.4079588294029236,0.35809953808784484,-0.31542810797691345,0.5276054501533508,0.3442286491394043,-0.002292292658239603,0.4561085760593414,0.3448278605937958,0.002188531565479934,0.5262057304382324,0.4257509887218475,-0.024013287946581842,0.46887302994728086,0.43151997923851015,0.048729118704795835,0.522659432888031,0.47368825078010557,0.4158117830753326,0.48381800055503843,0.49549407362937925,0.3674893319606781,0.5183598756790161,0.47784392833709716,0.4517427682876587,0.48916015625,0.5026974558830262,0.39111884832382204,0.5351264715194702,0.5048304080963135,0.3175260066986084,0.4779681384563446,0.524751627445221,0.2189887821674347
Caminando_Frente,0.4883012294769287,0.17788285613059998,-0.5584542632102967,0.4969404101371765,0.16891231536865234,-0.5362608671188355,0.5032069087028503,0.16907277405261995,-0.536273968219757,0.5079145073890686,0.1693017899990082,-0.5363122463226319,0.47799686193466184,0.1692014217376709,-0.5374444603919983,0.4710114896297455,0.16959448754787446,-0.5375240921974183,0.4666691541671753,0.17010121345520018,-0.5376115202903747,0.5133156299591064,0.17345795035362244,-0.36472229957580565,0.4585665464401245,0.17480629086494445,-0.37903963327407836,0.5002243518829346,0.18814391195774077,-0.49315484166145324,0.47674569487571716,0.18848976790904998,-0.49605547785758974,0.5542358040809632,0.2305551826953888,-0.23951403498649598,0.4134015142917633,0.23004831075668336,-0.2375553071498871,0.5654732942581177,0.29438128471374514,-0.15683904886245728,0.3972894728183746,0.29126685857772827,-0.16681430339813233,0.5700920939445495,0.34848095178604127,-0.29939401149749756,0.392815375328064,0.3439988613128662,-0.29551011323928833,0.5736602902412414,0.3641758978366852,-0.3455423891544342,0.3868744134902954,0.36227033734321595,-0.3379365086555481,0.5672127723693847,0.363583505153656,-0.3932569921016693,0.3982568860054016,0.36224491000175474,-0.3878611385822296,0.5638751149177551,0.35928778648376464,-0.3208117961883545,0.40216066837310793,0.3571789383888245,-0.3177731692790985,0.5230656147003174,0.3424534976482391,-0.004787590447813272,0.4487735748291016,0.3434861123561859,0.004591553891077638,0.5207345366477967,0.4310897350311279,0.020169470459222794,0.46767676472663877,0.43266751170158385,0.05090985894203186,0.5229342699050903,0.4994662940502167,0.345124089717865,0.482953941822052,0.4960885107517242,0.37992199659347536,0.5199853420257569,0.507431048154831,0.3665379583835602,0.48797991275787356,0.5048045992851258,0.4038600742816925,0.5333290100097656,0.5287273526191711,0.18476179540157317,0.4702278733253479,0.5254412531852722,0.22804207503795623
Caminando_Frente,0.4810821831226349,0.17858732640743255,-0.5448251843452454,0.4898290395736694,0.16964249610900878,-0.5216533064842224,0.4961978137493134,0.1697642534971237,-0.5216861724853515,0.5013127565383911,0.16998517513275146,-0.5217334032058716,0.4705922842025757,0.17008136510848998,-0.5238376140594483,0.463874888420105,0.170479154586792,-0.5239018559455871,0.45955461263656616,0.1709244132041931,-0.5239774942398071,0.5056266188621521,0.17402468025684356,-0.3525426983833313,0.4503303349018097,0.17540329992771148,-0.36770032048225404,0.4927633762359619,0.18875094652175903,-0.47992106676101687,0.46948052644729615,0.1893204927444458,-0.4837907016277313,0.5482985019683838,0.23103446066379546,-0.23292999267578124,0.40496609210968015,0.23045261800289155,-0.23437825739383697,0.5581590294837951,0.2960857629776001,-0.15625231564044953,0.3869283139705658,0.292085200548172,-0.17280571460723876,0.5637592315673828,0.3508812189102173,-0.30409236550331115,0.38346676230430604,0.34599612951278685,-0.31187708377838136,0.5676426529884339,0.3664522051811218,-0.3506554067134857,0.378634911775589,0.3634333610534668,-0.3558630645275116,0.561328673362732,0.36589316129684446,-0.39794548153877257,0.39085549116134644,0.36318676471710204,-0.4076531231403351,0.5578470706939698,0.36079601049423216,-0.3256939709186554,0.3942768335342407,0.35799123644828795,-0.33463037610054014,0.5141342163085938,0.34418554306030275,-0.012732895277440547,0.4400453805923462,0.34529152512550354,0.01253246609121561,0.509830892086029,0.4368069589138031,-0.007420305171399378,0.46231256127357484,0.43606760501861574,0.08590316772460938,0.5170213937759399,0.5169183850288391,0.22717248201370238,0.4749987185001373,0.49802435040473936,0.4490107297897339,0.5169667482376099,0.5275821924209595,0.23806124329566955,0.4807891666889191,0.5055739402770996,0.47681716084480286,0.5183848381042481,0.5457918167114257,0.043631563521921636,0.4592501938343048,0.5249215602874756,0.3241880118846893
Caminando_Frente,0.473762047290802,0.1791269898414612,-0.5754537463188172,0.4824392080307007,0.17002662122249604,-0.5513006925582886,0.4887848377227783,0.17016659379005433,-0.5513410329818725,0.4940789997577667,0.1704047679901123,-0.5514100790023804,0.4631543219089508,0.17033410370349883,-0.5547145724296569,0.45637661814689634,0.17068713903427124,-0.5547749042510987,0.45187231302261355,0.17108326256275178,-0.5548627495765686,0.497952926158905,0.17449228167533876,-0.3795537292957306,0.44123045802116395,0.17572177648544313,-0.3947043836116791,0.48517937660217286,0.18958081901073456,-0.5084892451763153,0.46120973229408263,0.19037102460861205,-0.5132434964179993,0.5413487911224365,0.2320138305425644,-0.259918686747551,0.3966396331787109,0.23105895519256592,-0.2617169111967087,0.5492230653762817,0.29850428104400634,-0.19270584285259246,0.3767902791500092,0.2936914563179016,-0.20482589900493622,0.5542615652084351,0.35416346192359927,-0.34439951181411743,0.3737414002418518,0.3495334625244141,-0.3451178312301636,0.5585525631904602,0.37012600898742676,-0.39254423379898074,0.36979111433029177,0.36713685989379885,-0.3895988166332245,0.5520112752914429,0.37006875276565554,-0.4392264664173126,0.38142295479774474,0.3666027128696442,-0.4424587249755859,0.5481306910514832,0.3645793080329895,-0.3660386621952057,0.38472127318382265,0.36072379946708677,-0.36815564036369325,0.5035417139530182,0.34826059341430665,-0.019744132831692695,0.4304037749767303,0.3482225060462952,0.019633936136960982,0.49424958825111387,0.44120424389839175,-0.02442687042057514,0.447929722070694,0.438746178150177,0.13064839094877242,0.4983241856098175,0.5234663486480713,0.20298638045787812,0.46277253031730653,0.49467357993125916,0.5487070441246032,0.5014928460121155,0.5370652198791503,0.2125592052936554,0.47004648447036745,0.4998179256916046,0.5822758913040161,0.4948274910449982,0.5512659668922424,0.01030852622934617,0.4463744878768921,0.5218634724617004,0.43562194108963015
Caminando_Frente,0.46817798614501954,0.17796356081962586,-0.6148898839950562,0.47723708748817445,0.1692068874835968,-0.5917973041534423,0.4839563310146332,0.16935859620571136,-0.5918259739875793,0.48948341608047485,0.16958737671375274,-0.5918973326683045,0.45716699957847595,0.16916503012180328,-0.5946173787117004,0.45054221749305723,0.1693902462720871,-0.5946885108947754,0.44616307616233825,0.16961996257305145,-0.5947719573974609,0.49441787600517273,0.17369429171085357,-0.41630560755729673,0.43675834536552427,0.17442209422588348,-0.4291093647480011,0.48062739968299867,0.18880695700645447,-0.5458319425582886,0.4561206936836243,0.18924051225185395,-0.54983149766922,0.538812005519867,0.23281585276126862,-0.2864484965801239,0.3896158277988434,0.23083546459674836,-0.29097591042518617,0.5452650547027588,0.29979631304740906,-0.20931438505649566,0.37059342861175537,0.295075398683548,-0.22321339547634125,0.5498026728630065,0.3552896320819855,-0.36555648446083067,0.36707888841629027,0.35114226341247556,-0.35947043895721437,0.5536074876785279,0.3717449247837067,-0.41313543915748596,0.36171857714653016,0.3697886228561401,-0.40414223074913025,0.5469317317008973,0.37180383801460265,-0.46184457540512086,0.37268598675727843,0.3693811774253845,-0.45772193670272826,0.5430694460868836,0.3662635326385498,-0.3871562361717224,0.37651354670524595,0.3628226935863495,-0.38261665105819703,0.49652952551841734,0.35014662742614744,-0.013995533902198076,0.4202425181865692,0.349408757686615,0.013922668620944023,0.4866600275039673,0.4467984139919281,-0.027752378955483437,0.43594788312911986,0.44107708930969236,0.11079931557178498,0.48465442657470703,0.5294470667839051,0.227921262383461,0.4490356266498566,0.4936413526535034,0.5702914834022522,0.4822192907333374,0.5403156876564026,0.2426916241645813,0.4543977022171021,0.49807909727096555,0.608766496181488,0.4887378752231598,0.5621662139892578,0.037080143578350544,0.4362055599689484,0.5206514596939087,0.46380006670951845
Caminando_Frente,0.46649307012557983,0.17568600475788115,-0.60535968542099,0.4762351155281067,0.16679094433784486,-0.580202066898346,0.48320297002792356,0.1670188844203949,-0.5802640676498413,0.4885529041290283,0.16722750961780547,-0.5803207635879517,0.45576395392417907,0.16648610234260558,-0.5835073351860046,0.4488589584827423,0.16657026410102843,-0.5835831046104432,0.44440661668777465,0.1667154997587204,-0.583646583557129,0.4947636008262634,0.17165984809398652,-0.39631099104881284,0.435891193151474,0.17158432006835939,-0.41158452033996584,0.4794996500015259,0.18687011301517487,-0.5323410272598267,0.4545110046863556,0.18705887198448182,-0.5368799328804016,0.540797746181488,0.23261572420597076,-0.2496258646249771,0.3879252791404724,0.22908052802085876,-0.2792229175567627,0.5472411751747132,0.30094080567359927,-0.16929546892642974,0.3698201358318329,0.29583712816238406,-0.19486334323883056,0.549787414073944,0.3571232557296753,-0.34267263412475585,0.3660008430480957,0.3529379069805145,-0.3389179050922394,0.5532052040100097,0.3741512894630432,-0.3930027484893799,0.3598941922187805,0.3724414765834808,-0.388624781370163,0.546922218799591,0.37428240180015565,-0.4465287983417511,0.370584762096405,0.3721444129943848,-0.44426204562187194,0.5430794715881347,0.3684759080410004,-0.36662055253982545,0.3750119686126709,0.36499033570289613,-0.36444745659828187,0.4958183169364929,0.35272570252418517,0.006356544746086002,0.41766723394393923,0.35171215534210204,-0.006526165129616857,0.48431665897369386,0.4530311644077301,-0.02602443908981513,0.4289375364780426,0.4474335551261902,0.041273901239037514,0.48055593967437743,0.5327749013900757,0.2914639949798584,0.43729501962661743,0.4856916844844818,0.5920809268951416,0.475623631477356,0.5430133223533631,0.31289964318275454,0.4429225564002991,0.4878213286399841,0.642251479625702,0.4856093883514404,0.566029143333435,0.11714792847633362,0.43386395573616027,0.5197574257850647,0.5202833890914917
Caminando_Frente,0.46661540269851687,0.17277156412601472,-0.6111212372779846,0.4770100235939026,0.16352812349796295,-0.5857275366783142,0.4839312255382538,0.16376035511493683,-0.5857853174209595,0.4890352666378021,0.16404786109924316,-0.5858384966850281,0.4561705529689789,0.16343571245670319,-0.5884017467498779,0.4491296589374542,0.16365360617637634,-0.5884774208068848,0.44449883699417114,0.16393856704235077,-0.5885438561439514,0.49733092188835143,0.1687153846025467,-0.39792402982711794,0.4362174093723297,0.16875385046005248,-0.4109626352787018,0.47963172793388364,0.18417035937309265,-0.5377763748168946,0.4545467972755432,0.18414591252803802,-0.5417576551437377,0.5456870913505554,0.23205598294734955,-0.25090812146663666,0.38753690719604494,0.22872883975505828,-0.28014094233512876,0.5549447298049927,0.30407305955886843,-0.16453465223312377,0.3694769024848938,0.2978929102420807,-0.20175030529499055,0.5546469926834107,0.3626165628433228,-0.3357465505599976,0.3658220946788788,0.356956821680069,-0.3514607071876526,0.5577341794967652,0.3804774761199951,-0.3874273955821991,0.35901740193367004,0.3772264063358307,-0.40235370993614195,0.5501625061035156,0.38059953451156614,-0.4413152992725372,0.36953240633010864,0.3769773066043854,-0.4589841544628143,0.545933723449707,0.37451338171958926,-0.35962751507759094,0.37430399656295776,0.36972473859786986,-0.3762733578681946,0.4985040366649628,0.358175528049469,0.012938134744763375,0.41799589395523074,0.35614808797836306,-0.013124287128448486,0.48436993956565855,0.45984811186790464,0.0017122312099672854,0.42511422634124757,0.45167599320411683,0.03552933633327484,0.480445522069931,0.5344247817993164,0.37979369759559634,0.4313068687915802,0.48578414916992185,0.589571499824524,0.47535002827644346,0.5437383413314819,0.407721346616745,0.43670880794525146,0.48939246535301206,0.6389420866966248,0.4857550859451294,0.5674714088439942,0.22054063081741332,0.4287933111190796,0.5254946231842041,0.5134825587272644
Caminando_Frente,0.46643102169036865,0.16775545179843904,-0.5958042621612549,0.4775547683238983,0.15724699199199677,-0.5694827914237977,0.4845081388950348,0.15739405453205108,-0.5695392966270447,0.48949853181838987,0.15770849883556365,-0.5695912003517151,0.4559295356273651,0.15740251243114473,-0.5729676246643066,0.4485090136528015,0.15774093866348265,-0.5730101943016053,0.44351527094841003,0.15821994543075563,-0.5730579614639282,0.49850949048995974,0.1625179946422577,-0.37626428008079527,0.43553234338760377,0.1628326177597046,-0.39305132031440737,0.47971983551979064,0.17909288108348848,-0.5199505090713501,0.45425598621368407,0.17908694744110107,-0.5250449061393738,0.547106122970581,0.22706494033336638,-0.22318792045116426,0.38690364360809326,0.22481352388858794,-0.25122730135917665,0.5592156767845153,0.302568131685257,-0.11585373729467392,0.3692088186740875,0.29567418098449705,-0.1660443902015686,0.5603349328041076,0.3638861119747162,-0.28359849452972413,0.3632982552051544,0.3573404848575592,-0.3154264509677887,0.5651626229286194,0.3827979028224945,-0.334083217382431,0.35428098440170286,0.37779017686843874,-0.36442804932594297,0.5544218063354492,0.38252732157707214,-0.39215723276138303,0.3668396294116974,0.37783229947090147,-0.42516098022460935,0.5496598362922669,0.37622594833374023,-0.3090138018131256,0.3720111310482025,0.37082789540290834,-0.3417769134044647,0.5027053713798523,0.3585558533668518,0.012703907303512096,0.41765337586402895,0.3565443754196167,-0.01290072537958622,0.48644016981124877,0.4612831354141235,-0.006276321201585233,0.4260383784770966,0.4560145318508148,-0.0006785399978980422,0.48066426515579225,0.53648761510849,0.3895211279392242,0.4277845025062561,0.5129099130630493,0.46281248331069946,0.4755241096019745,0.5450183033943177,0.417625629901886,0.42978607416152953,0.5186045169830322,0.5006466090679169,0.4855985701084137,0.5704478025436401,0.2205754578113556,0.4175849735736847,0.5508767127990722,0.32839876413345337
Caminando_Frente,0.46581763625144956,0.16478148996829986,-0.5717201948165893,0.47746418714523314,0.1540941059589386,-0.5454644322395324,0.48455060124397276,0.1542455941438675,-0.5455638647079468,0.48954591155052185,0.1545128643512726,-0.545627498626709,0.45508689284324644,0.15428891479969026,-0.5464252829551697,0.4474069535732269,0.15449728965759277,-0.546456253528595,0.44201119542121886,0.1548169881105423,-0.5465320467948913,0.49854081869125366,0.15898065865039826,-0.3541043341159821,0.43426223993301394,0.15890105366706847,-0.3596952259540558,0.4794865846633911,0.1761799544095993,-0.49661768078804014,0.4533380150794983,0.17621797919273377,-0.498527866601944,0.547860860824585,0.2226010799407959,-0.21663753390312196,0.38398082852363585,0.22143295407295227,-0.20258446633815766,0.5619213223457337,0.30006166696548464,-0.12101282626390457,0.3664192259311676,0.2941826403141022,-0.11569496691226959,0.5594137787818909,0.36346898674964906,-0.28757610321044924,0.3565914273262024,0.3569857716560364,-0.28045052886009214,0.5642826437950135,0.38274039030075074,-0.3413976728916168,0.34738757610321047,0.37772162556648253,-0.32933302521705626,0.553222143650055,0.3819866955280304,-0.39654806852340696,0.3606419086456299,0.37776732444763184,-0.38900662660598756,0.5484118580818176,0.37593122720718386,-0.31233117580413816,0.365901780128479,0.37090287208557127,-0.30667046904563905,0.502328610420227,0.3618419826030731,-0.005647639930248261,0.41471766829490664,0.3587611377239227,0.005577090103179217,0.4837228417396545,0.4633002161979675,-0.0251054584980011,0.42280771136283873,0.4591774523258209,0.011371085979044437,0.47832250595092773,0.540274977684021,0.3981965005397797,0.4228165626525879,0.5421189308166504,0.3784361660480499,0.4738276839256287,0.5490544319152832,0.42755796313285827,0.4282292783260345,0.5512598395347595,0.4037320077419281,0.4841991126537323,0.5725970268249512,0.2286564975976944,0.4035547137260437,0.5808930158615112,0.1904538780450821
Caminando_Frente,0.4642233967781067,0.1659950792789459,-0.5859142303466797,0.47505142688751223,0.15514142513275148,-0.5581448554992676,0.4825194776058197,0.15520355701446534,-0.5582174062728882,0.48816781044006347,0.1553923159837723,-0.5582320809364318,0.45202935934066774,0.15531836450099945,-0.5619919180870057,0.4443537533283234,0.15547674596309663,-0.5620462536811829,0.4389670729637146,0.15574453473091127,-0.5621402859687805,0.4953088045120239,0.1594741940498352,-0.3499124884605408,0.42967512607574465,0.15991369485855103,-0.3714079141616821,0.4778623700141907,0.17735495567321777,-0.5048032879829407,0.45089200139045715,0.17773622870445252,-0.5106591939926147,0.5480766057968139,0.22221418023109435,-0.18605476319789888,0.37976816296577454,0.22167625427246093,-0.2315927714109421,0.5630938172340393,0.29868521094322203,-0.09111080914735795,0.3598344147205353,0.29624044299125674,-0.15952506959438323,0.5542680859565735,0.36194915175437925,-0.2814786612987518,0.35003845691680907,0.36155225038528443,-0.32482283711433413,0.5563404321670532,0.38194342851638796,-0.339747953414917,0.34006810188293457,0.3830527365207672,-0.3783405482769012,0.5446003079414368,0.380415940284729,-0.4009461283683777,0.3535565912723541,0.38330244421958926,-0.4365238845348358,0.5408159852027893,0.3748059093952179,-0.3084611177444458,0.3589034557342529,0.3762348234653473,-0.34990474581718445,0.5025927305221558,0.3666050791740417,0.03368314951658249,0.41288517117500306,0.36417428851127626,-0.033694906160235405,0.48216448426246644,0.4656563103199005,0.12445342540740967,0.4147515058517456,0.46410908102989196,-0.0866360105574131,0.4753729045391083,0.5391202807426453,0.6010267972946167,0.40284896492958067,0.5601316452026367,0.1748378172516823,0.4701133489608765,0.5475139260292053,0.6375693678855896,0.4073710501194,0.5723710775375366,0.18877558410167694,0.48605790734291077,0.5731652021408081,0.45592103004455564,0.400283682346344,0.5979573249816894,-0.054033102840185164
Caminando_Frente,0.45739092230796813,0.17194828093051912,-0.5872545123100281,0.46772451400756837,0.16062851548194884,-0.5590436458587646,0.4751221239566803,0.16058304011821747,-0.55911306142807,0.48207891583442686,0.16059561371803283,-0.559075129032135,0.44499002695083617,0.16087045669555664,-0.5615309357643128,0.437664133310318,0.16123850047588348,-0.5615419149398804,0.4317410171031952,0.16161642372608184,-0.5616551399230957,0.4880900204181671,0.164372718334198,-0.3479156672954559,0.42203064560890197,0.1662459373474121,-0.36472938060760496,0.47136311531066893,0.18261181116104125,-0.5047208309173584,0.44302651286125183,0.18288422524929046,-0.509442800283432,0.5455786466598511,0.22738909721374512,-0.17818896770477294,0.3733466625213623,0.22649115324020386,-0.21899120211601258,0.5594688534736634,0.30402944684028627,-0.08994229137897491,0.35280710458755493,0.3034589409828186,-0.1468135952949524,0.5466963291168213,0.3653035581111908,-0.2936585068702698,0.3425477981567383,0.3694850027561188,-0.32125462889671325,0.5443906307220459,0.38611741065979005,-0.3550652027130127,0.33176993727684023,0.39095985889434814,-0.3768525004386902,0.5308846592903137,0.3839685142040253,-0.4158168375492096,0.3452709555625916,0.3918839871883392,-0.4394706845283508,0.5267270684242249,0.37852669358253477,-0.319612181186676,0.3507923662662506,0.3845956206321716,-0.34765214920043946,0.5028408646583558,0.37556758522987366,0.0438565544784069,0.4113789081573486,0.3739476501941681,-0.04392445534467697,0.4820740222930908,0.47278645634651184,0.21729121208190919,0.4062893152236938,0.47592854499816895,-0.17641990780830383,0.4748904168605804,0.5387221455574036,0.7509687900543213,0.3926374137401581,0.5776151180267334,-0.022288523614406586,0.46878849267959594,0.5464472651481629,0.7941004276275635,0.39495346546173093,0.5925679326057434,-0.019804610684514046,0.48775418400764464,0.5740203380584716,0.6332085728645325,0.39986986517906187,0.6104960322380066,-0.27807187736034394
Caminando_Frente,0.4453975260257721,0.1762725979089737,-0.6572175741195678,0.4558210015296936,0.16449176967144014,-0.6285804033279419,0.4635629177093506,0.1645378589630127,-0.6286381483078003,0.47098702788352964,0.1645935833454132,-0.6286139607429504,0.4319780766963959,0.16506128907203674,-0.6302810907363892,0.42506868839263917,0.16560532450675963,-0.6302953004837036,0.4177148759365082,0.16629600524902344,-0.6304273009300232,0.47882882356643675,0.168540620803833,-0.40602176189422606,0.40811667442321775,0.17120939791202544,-0.4203409790992737,0.4606172025203705,0.1869551956653595,-0.5698765277862549,0.431351101398468,0.18762673139572145,-0.5736716747283935,0.5362144351005554,0.23262898325920106,-0.22797759175300597,0.36216806769371035,0.23149439692497253,-0.25500851571559907,0.5479896068572998,0.3122482240200043,-0.13420731723308563,0.34118878841400146,0.3105803966522217,-0.17106889188289642,0.5396710634231567,0.3761480450630188,-0.338225394487381,0.33183706402778623,0.3777563214302063,-0.35080118775367736,0.5380695343017579,0.3971576154232025,-0.39779809713363645,0.32517417073249816,0.39862614274024966,-0.405937135219574,0.5250336289405823,0.3951262593269348,-0.4640465497970581,0.336912602186203,0.3994140088558197,-0.4672887623310089,0.5206450939178466,0.3896255433559418,-0.3661866247653961,0.3412212073802948,0.39261605143547057,-0.3769406735897064,0.49575437903404235,0.3844539999961853,0.03998843431472778,0.40335663557052615,0.38315356969833375,-0.040033860504627226,0.48122045397758484,0.4800086259841919,0.21171025037765503,0.3985129475593567,0.492117702960968,-0.11440055072307587,0.47544732689857483,0.5353149175643921,0.8191693186759949,0.3933998763561249,0.5898068428039551,0.09602374881505966,0.4686887264251709,0.5400795340538025,0.8714865803718567,0.40099080204963683,0.5998712301254272,0.10412064231932164,0.48855873942375183,0.5753548383712769,0.7216731309890747,0.38601918816566466,0.6317811369895935,-0.15080120861530305
Caminando_Frente,0.43130595088005064,0.17696722745895385,-0.6372567057609558,0.44230417609214784,0.16492623090744019,-0.6088173747062683,0.4504510283470154,0.16491189897060393,-0.6088935613632203,0.45792095065116883,0.16497677862644194,-0.6088906645774841,0.4183086633682251,0.1655600368976593,-0.6091306686401368,0.4109789848327637,0.16597781777381898,-0.6091361045837402,0.4030874013900757,0.1666366219520569,-0.6092694163322449,0.4683879613876343,0.16912919282913208,-0.3933290898799896,0.3940085589885712,0.1716441571712494,-0.3917785346508026,0.4472294509410858,0.18799717724323273,-0.5518732905387879,0.4182498514652252,0.18871178925037385,-0.5535664439201355,0.5259432315826416,0.23401712477207184,-0.23054503798484802,0.3490576446056366,0.23270274102687835,-0.23659006357192994,0.5375200152397156,0.31715868711471557,-0.13584741950035095,0.32696136832237244,0.31224175095558165,-0.15999775528907775,0.5329984307289124,0.3868682622909546,-0.3224496841430664,0.32162092328071595,0.38232885003089906,-0.3399470031261444,0.53292795419693,0.4089641749858856,-0.37479514479637144,0.31701399087905885,0.40334216356277464,-0.39908707737922666,0.5197628855705261,0.4072655260562897,-0.44410996437072753,0.328549325466156,0.40359824895858765,-0.45463867783546447,0.5148910522460938,0.40082454681396484,-0.3511724233627319,0.3324255108833313,0.39714067578315737,-0.36468708515167236,0.48297167420387266,0.3904715359210968,0.023728109151124954,0.38790084719657897,0.3892028331756592,-0.023769824765622616,0.4797113299369812,0.48359444737434387,0.19721023440361024,0.3857549250125885,0.5010571599006652,-0.05267951153218746,0.47621034979820254,0.5320092678070069,0.8134790658950806,0.39663668870925906,0.5969179630279541,0.20004287958145142,0.4709206998348236,0.5362895607948304,0.8658330321311951,0.4081404447555542,0.6065626502037048,0.21325344443321229,0.48694255352020266,0.576683759689331,0.7148221731185913,0.38012887835502623,0.6420769095420837,-0.030934620834887027
Caminando_Frente,0.4215683460235596,0.17475537657737733,-0.6756016731262207,0.4328968822956085,0.16192537248134614,-0.6488457322120667,0.44156036972999574,0.1618363380432129,-0.6489015936851501,0.4493536949157715,0.16193949580192565,-0.6489266872406005,0.40767531991004946,0.16242162883281708,-0.6469929099082947,0.3995965182781219,0.16278651654720305,-0.6470033764839173,0.39172927737236024,0.16339975893497466,-0.6471274614334106,0.46039970517158507,0.16643256843090057,-0.436471551656723,0.38179656863212585,0.16890979707241058,-0.43150070309638977,0.43813462257385255,0.18746642768383026,-0.5917934298515319,0.4088554739952087,0.18822119235992432,-0.5904093503952026,0.5188111662864685,0.23445594906806946,-0.27528263330459596,0.33621559739112855,0.23347373604774474,-0.26941068172454835,0.531398344039917,0.32218424677848817,-0.1743780940771103,0.31444129943847654,0.31611995697021483,-0.19466007947921754,0.5307827949523926,0.39713706970214846,-0.3372524380683899,0.3110118627548218,0.38793572783470154,-0.3695020377635956,0.5313558459281922,0.4190711140632629,-0.38613718152046206,0.3061406433582306,0.4097655117511749,-0.4265035092830658,0.5185007929801941,0.41740903854370115,-0.4539052307605743,0.31692216396331785,0.41022170782089235,-0.4824138104915619,0.5134630680084229,0.4103877186775208,-0.3648480772972107,0.32092791199684145,0.40363656878471377,-0.3945323884487152,0.4722133219242096,0.39414022564888,0.008592813927680253,0.3741978704929352,0.39341206550598146,-0.008655597362667323,0.4744411826133728,0.4887903809547424,0.13874044567346572,0.37568279504776003,0.5078558325767517,0.009482663590461016,0.47553481459617614,0.5324548721313477,0.786199688911438,0.3975583016872406,0.5995633959770202,0.30867534279823305,0.4716557443141937,0.5357239246368408,0.8423389196395874,0.4086065351963043,0.6095837593078614,0.32769574522972106,0.48730047345161437,0.5791414260864258,0.7075068712234497,0.37743244767189027,0.6466959834098815,0.10158957019448281
Caminando_Frente,0.4163407862186432,0.16690383851528168,-0.7331005096435547,0.42862523198127744,0.15394509434700013,-0.7054832577705383,0.4377506852149963,0.15383614897727965,-0.70552499294281,0.4459498405456543,0.15393308103084563,-0.7055994033813476,0.4020987808704376,0.15444416105747222,-0.7059386849403382,0.3940805494785309,0.15476508736610411,-0.7060065627098083,0.3861417889595032,0.15525467395782472,-0.7061370372772217,0.4564241647720337,0.15782891511917113,-0.4831674575805664,0.3769455015659332,0.15977823436260224,-0.4890129268169403,0.4341594874858856,0.18109282851219177,-0.6447853803634643,0.4035096108913422,0.18184762299060822,-0.6466287493705749,0.5165664672851562,0.23338226675987245,-0.3092725038528442,0.3267763555049896,0.23076780438423156,-0.3206583261489868,0.5306489825248718,0.32471988797187806,-0.1774699568748474,0.3042677164077759,0.3166832387447357,-0.2521574079990387,0.5311831116676331,0.399926495552063,-0.31912500858306886,0.30174302458763125,0.3906111478805542,-0.4225209176540375,0.5363769054412841,0.42231597304344176,-0.3673938691616058,0.29599581360816957,0.41309129595756533,-0.47875404357910156,0.5254427075386048,0.42102417945861814,-0.4364011108875275,0.30608803033828735,0.4137435734272003,-0.537600064277649,0.5197934746742249,0.41399599313735963,-0.34707158207893374,0.31006873250007627,0.4072107672691345,-0.44873111248016356,0.46882333159446715,0.39512911438941956,0.004688571160659194,0.36821706891059874,0.39378376603126525,-0.004760051099583507,0.46797019243240356,0.5005066514015197,0.04552057702094316,0.37447652220726013,0.5131553769111633,0.07674783766269684,0.46962493658065796,0.5499193429946899,0.6917869329452515,0.39678428769111634,0.6005626916885376,0.49404141306877136,0.46385985016822817,0.5553807735443115,0.7473742842674256,0.4060603499412537,0.6099547624588013,0.5264253973960876,0.48840105533599854,0.5977906823158264,0.6001132369041443,0.37710073590278625,0.647239089012146,0.30937897264957426
Caminando_Frente,0.4164860248565674,0.15881544649600982,-0.7620366454124451,0.4294425070285797,0.14547143876552582,-0.7329323530197144,0.43877898454666137,0.14550999104976653,-0.7329864859580993,0.4464487493038177,0.14572354555130004,-0.7330984830856323,0.40219274163246155,0.14639551043510438,-0.7349312782287598,0.3943553328514099,0.14685003459453583,-0.7349983334541321,0.3865835964679718,0.14735130667686464,-0.7350931525230407,0.45591660141944884,0.15026946663856505,-0.5023221731185913,0.3768556177616119,0.1520092248916626,-0.514260447025299,0.43455483913421633,0.17323630452156066,-0.6700200319290162,0.40322842001914977,0.17390483021736144,-0.6737646579742431,0.518675935268402,0.22967298626899718,-0.3203651964664459,0.31979523301124574,0.22646304368972778,-0.3325574457645416,0.5354746580123901,0.3228318989276886,-0.16632833778858186,0.29531477093696595,0.31484289169311525,-0.2539431244134903,0.5393201828002929,0.3988628625869751,-0.313839328289032,0.29250119924545287,0.39116163849830626,-0.42512049078941344,0.5464024901390075,0.4216714859008789,-0.36627346873283384,0.2852586627006531,0.41410416960716245,-0.4832998037338257,0.536020028591156,0.4204334020614624,-0.43488367795944216,0.29602648615837096,0.41490113735198975,-0.5474202275276184,0.5301120042800903,0.41343525648117063,-0.34250985980033877,0.3000726878643036,0.4085909903049469,-0.4539462447166443,0.4696149408817291,0.39282970428466796,-0.002276094863191247,0.3650676131248474,0.39102869629859927,0.002099644346162677,0.46156042218208315,0.5143759608268738,0.0006443936377763748,0.374605530500412,0.5151711702346802,0.08218002915382386,0.46222217082977296,0.5986291766166687,0.5733280420303345,0.39738658666610716,0.6013124942779541,0.5841166615486145,0.45672908425331116,0.6074746727943421,0.6176416158676148,0.40702412724494935,0.6104827642440795,0.6245914697647095,0.48082534670829774,0.6427340269088745,0.4032004952430725,0.3775425374507904,0.6494630098342895,0.3983041822910309
Caminando_Frente,0.4171921968460083,0.15623292624950408,-0.7848150968551636,0.43027806282043457,0.1432599902153015,-0.7577929496765137,0.43980986475944517,0.1432293176651001,-0.7578174829483032,0.44695069789886477,0.14335398077964784,-0.7578854560852051,0.40257421135902405,0.14365931749343872,-0.7603705048561096,0.39423006772994995,0.14403454959392548,-0.7604422330856323,0.387132054567337,0.14438864588737488,-0.7604952335357666,0.45689629316329955,0.14847250878810883,-0.5334653854370117,0.3769098579883575,0.14998786747455597,-0.5467689037322998,0.4354144990444183,0.17073910236358641,-0.6947946310043335,0.40299987196922304,0.17165638208389283,-0.6988099932670593,0.5216803550720215,0.22775158584117888,-0.3443295359611511,0.3169416069984436,0.22441376149654388,-0.3694880783557892,0.5413395285606384,0.3210195183753967,-0.19889054894447328,0.29095801115036013,0.3136376738548279,-0.2819927245378494,0.5456491589546204,0.39870022535324096,-0.35876744985580444,0.2872611701488495,0.3928788721561432,-0.44906203746795653,0.5509796977043152,0.42189325094223024,-0.41111741065979,0.27963384985923767,0.41686494946479796,-0.5071463584899902,0.5411189913749694,0.4208171427249908,-0.48215031027793886,0.2913438081741333,0.4179501473903656,-0.5768086433410644,0.5352254867553711,0.41368638873100283,-0.38858983516693113,0.29584947824478147,0.4109735667705536,-0.47978317737579346,0.46963546276092527,0.3927892744541168,-0.00626203054562211,0.3609438717365265,0.39067646861076355,0.006013410538434983,0.45730713605880735,0.523665976524353,-0.03715571686625481,0.37725958228111267,0.5192793846130371,0.09117646962404251,0.45653910040855405,0.6338399767875671,0.32886806726455686,0.3978193044662476,0.6041800260543824,0.6300763726234436,0.450966888666153,0.6467685222625732,0.3491920530796051,0.4069537103176117,0.6142475843429566,0.6739372968673706,0.46628202199935914,0.6832919001579285,0.09792580232024192,0.3735020160675049,0.6502169966697693,0.48140187859535216
Caminando_Frente,0.41715845465660095,0.15794160664081575,-0.7305876612663269,0.4306707799434662,0.14427812099456788,-0.7069323301315308,0.44027877449989317,0.14411565959453582,-0.7068940877914429,0.447387832403183,0.1441814720630646,-0.7068882822990418,0.4024989604949951,0.14494536221027374,-0.7072233080863952,0.3935681223869324,0.1454591006040573,-0.7072790622711181,0.38697006106376647,0.1459706038236618,-0.7073981165885925,0.45938055515289306,0.15064723491668702,-0.5077663898468018,0.37690800428390503,0.15256122052669524,-0.5106851398944855,0.4356950521469116,0.17182263731956482,-0.6507963895797729,0.40158638954162595,0.1727535367012024,-0.6517735481262207,0.5275277018547058,0.2309875875711441,-0.3485034227371216,0.316547167301178,0.22783443927764893,-0.36726251244544983,0.5460201740264893,0.32681397795677186,-0.21956470012664794,0.2876578390598297,0.32222538590431216,-0.29926058650016785,0.5499399662017822,0.4051857590675354,-0.3727811872959137,0.28198251128196716,0.4017315566539764,-0.4658662140369415,0.5556267499923706,0.42928634881973265,-0.42585078477859495,0.27016769647598265,0.42699368596076964,-0.5262228965759277,0.5450526237487793,0.42894468307495115,-0.4931174159049988,0.28661960959434507,0.4284847557544708,-0.5951956391334534,0.5390092849731445,0.421372777223587,-0.40142932534217834,0.29324517846107484,0.4202905535697937,-0.49563645720481875,0.4692888855934143,0.4065974593162537,-0.007216574251651764,0.3595138490200043,0.40231524109840394,0.007020857091993094,0.4555276155471802,0.5385172963142395,-0.04080984070897102,0.37812663316726686,0.527094304561615,0.18274825811386108,0.454652214050293,0.6613039493560791,0.1749020904302597,0.3963212132453918,0.6082511425018311,0.6973956823348999,0.44492085576057433,0.6769388556480408,0.1793438345193863,0.4040513336658478,0.6166809558868408,0.7380767345428467,0.46422000527381896,0.7051069259643554,-0.07135617658495903,0.37155194878578185,0.6506946444511413,0.5691572070121765
Caminando_Frente,0.42423316836357117,0.16574153900146485,-0.7060137867927552,0.438970810174942,0.15121551156044005,-0.6816925883293152,0.4472423017024994,0.15118696987628938,-0.6816646099090576,0.4543112277984619,0.15146704018115997,-0.6816450953483582,0.41058107018470763,0.15213617086410522,-0.6829903960227967,0.40089539289474485,0.15287641882896424,-0.683017349243164,0.3921576142311096,0.15368831753730774,-0.6831670880317688,0.4679157078266144,0.15828453600406647,-0.4747614860534668,0.3825908124446869,0.15955808460712434,-0.48336476683616636,0.44155630469322205,0.17886595129966737,-0.6243853807449341,0.4068215250968933,0.17987432479858398,-0.6269023656845093,0.5361329197883606,0.24034443199634553,-0.32354800701141356,0.319781756401062,0.23634645342826843,-0.3394488632678986,0.5505042433738708,0.33945518732070923,-0.22106943428516387,0.2868190288543701,0.33203292489051817,-0.2961024582386017,0.5549193620681763,0.41875964403152466,-0.3779538571834564,0.28063805103302003,0.4147811710834503,-0.46427068710327146,0.5601953387260437,0.442879444360733,-0.42932006120681765,0.26732710003852844,0.4404804766178131,-0.5184197306632996,0.5484240651130676,0.44245251417160036,-0.49413260221481325,0.2853937864303589,0.4417784929275513,-0.583995258808136,0.5424532175064087,0.4348341464996338,-0.40536686182022097,0.29327245950698855,0.43359544277191164,-0.49233859181404116,0.47078206539154055,0.42214361429214475,-0.00986655680462718,0.3591983079910278,0.4178942799568176,0.009693743381649255,0.455076789855957,0.5562975883483887,-0.016299455147236585,0.3793087601661682,0.5410888671875,0.2284971743822098,0.4553917169570923,0.686116623878479,0.16931012868881226,0.395561021566391,0.6090478658676147,0.77415452003479,0.4439730405807495,0.7049763917922973,0.17254836857318878,0.406121563911438,0.613499391078949,0.8205693483352661,0.472033429145813,0.7314903616905213,-0.07616514191031457,0.36988143920898436,0.6561457276344299,0.6655319809913636
Caminando_Frente,0.4418106019496918,0.1700919270515442,-0.6872377276420594,0.45501179695129396,0.15546926558017732,-0.6629611372947692,0.4628054678440094,0.15560232400894164,-0.6629486799240112,0.4714111626148224,0.1559422105550766,-0.6628992438316346,0.427563351392746,0.15663659274578096,-0.6659594655036927,0.4166247546672821,0.15756351351737977,-0.6659740567207336,0.4067152202129364,0.15857303738594056,-0.6660465836524964,0.48393173813819884,0.1628240168094635,-0.4589876174926758,0.3922203958034515,0.16475245356559753,-0.4748081386089325,0.45647360682487487,0.18389499485492705,-0.6064086556434631,0.42215771675109864,0.18512392044067383,-0.6111071348190308,0.5486719489097596,0.24772099256515503,-0.3029112219810486,0.3264749825000763,0.24050722420215606,-0.3537486970424652,0.5579560279846192,0.35114684104919436,-0.18618395030498505,0.2920211911201477,0.33814663290977476,-0.31404834389686587,0.5616072416305542,0.43162149786949155,-0.32913215160369874,0.2832465350627899,0.4257357597351074,-0.4610179841518402,0.5663777828216553,0.45600709319114685,-0.3741809666156769,0.271394681930542,0.45112486481666564,-0.5166231393814087,0.5549091458320617,0.45582340359687806,-0.43906310200691223,0.28927904963493345,0.4518042027950287,-0.5760072469711304,0.5488750576972962,0.44798187613487245,-0.35602221488952634,0.29889113903045655,0.4437760055065155,-0.486007159948349,0.48003742694854734,0.4308583617210388,0.0024532355833798646,0.3627096235752106,0.42598195672035216,-0.0027820622380659186,0.4613995492458344,0.5742122530937195,0.03464109674096107,0.37945852875709535,0.5514444351196289,0.16820309460163116,0.4561112642288208,0.7025464653968811,0.24063918590545655,0.3951800763607025,0.6116803288459778,0.7134037017822266,0.44211357831954956,0.71773921251297,0.24700333476066588,0.40647504329681394,0.6201381683349609,0.7620206952095032,0.4807749330997467,0.7573731064796447,0.022369281947612764,0.3765144407749176,0.6653450012207032,0.6385883688926697
Caminando_Frente,0.45534749031066896,0.16926009356975555,-0.6202591061592102,0.4679093837738037,0.15462974607944488,-0.5989166617393493,0.47749783992767336,0.15476583540439606,-0.5988729000091553,0.48565406203269956,0.15512935519218446,-0.5987939715385437,0.4406044542789459,0.15534861981868744,-0.6011364936828614,0.4293488681316376,0.15612237751483918,-0.6011769294738769,0.4180840015411377,0.1570695757865906,-0.6011923670768737,0.4991791248321533,0.16239675283432006,-0.41747098565101626,0.40159950256347654,0.1638995587825775,-0.4333504378795624,0.4693400800228119,0.18396059572696685,-0.5458170533180237,0.4352178454399109,0.18484749495983124,-0.5494904756546021,0.5643263578414917,0.24915147721767425,-0.26995185017585754,0.3304856657981873,0.2420098900794983,-0.3436772167682648,0.5689443349838257,0.3537881553173065,-0.14419066905975342,0.29871816635131837,0.34616034030914306,-0.3060267806053162,0.5751302719116211,0.43757578134536745,-0.2510897159576416,0.28834596276283264,0.43536927700042727,-0.4110770523548126,0.5806573152542114,0.46335731744766234,-0.2881078839302063,0.27778504490852357,0.46064052581787107,-0.45659488439559937,0.569892418384552,0.46390860080718993,-0.35075695514678956,0.29627148509025575,0.4618309259414673,-0.5030798554420471,0.5628737688064576,0.4557718575000763,-0.2764262080192566,0.30571187734603883,0.4535010516643524,-0.4315529763698578,0.499481326341629,0.4370829463005066,0.017310523986816408,0.3748036563396454,0.4340134263038635,-0.017632859386503698,0.4773711681365967,0.5871853470802307,0.039178939163684846,0.37562914490699767,0.5635964632034302,0.07172520086169243,0.4571792304515839,0.7092241644859314,0.28708139061927795,0.39075798988342286,0.6105292916297913,0.6532963752746582,0.44106041789054873,0.7224935054779053,0.30459125638008117,0.3990026652812958,0.619381308555603,0.7093436598777771,0.486721408367157,0.7638000845909119,0.10661768019199372,0.3869626820087433,0.6703731179237366,0.6339546799659729
Caminando_Frente,0.4623440086841583,0.1614868998527527,-0.7101085424423218,0.47558610439300536,0.14692468345165252,-0.6904925465583801,0.48577324151992796,0.14712361693382264,-0.6904163002967835,0.4943609833717346,0.14739755690097808,-0.6903830409049988,0.44683038592338564,0.14710062146186828,-0.6920213222503662,0.43534222841262815,0.14764931201934814,-0.6921257138252258,0.4238762080669403,0.14860585629940032,-0.6921388745307923,0.5078481793403625,0.15464374125003816,-0.5020638644695282,0.40639191269874575,0.1567122220993042,-0.5150690853595734,0.4775422215461731,0.17964617609977723,-0.6350884199142456,0.44251389503479005,0.1807861864566803,-0.6376534223556518,0.5749264001846314,0.24836353957653046,-0.34461557269096377,0.33392682671546936,0.24153329133987428,-0.413269168138504,0.5809847474098205,0.35691718459129335,-0.21323080658912658,0.307336813211441,0.34889588952064515,-0.36653903126716614,0.5885884046554566,0.4464665353298187,-0.2973444819450378,0.2952108860015869,0.4422177731990814,-0.47646031975746156,0.5959915161132813,0.47302926778793336,-0.3372630774974823,0.28532800674438474,0.46755836606025697,-0.5249031782150269,0.5852394700050354,0.47396275997161863,-0.4021628201007843,0.3038311958312988,0.468948221206665,-0.5803802132606506,0.5772629976272583,0.4650727391242981,-0.3229298532009125,0.31299314498901365,0.4603784024715424,-0.5003701448440552,0.506984269618988,0.43982833027839663,0.02551058828830719,0.38015385866165163,0.4362570822238922,-0.02589447870850563,0.48238362073898317,0.5967702150344849,0.017284821264911442,0.37333781123161314,0.5760420322418213,0.022615318559110163,0.45683513879776,0.7128768682479858,0.35345394611358644,0.3780656695365906,0.6132881283760071,0.6494839310646057,0.4403923571109772,0.7253294229507447,0.37766352891921995,0.38352344632148744,0.6199630975723267,0.7099136710166931,0.49042455554008485,0.7677908658981323,0.20334484279155732,0.37470299005508423,0.6752862334251404,0.6242642998695374
Caminando_Frente,0.464441055059433,0.15482210218906403,-0.7768639206886292,0.4791833460330963,0.1401839941740036,-0.7551985502243042,0.49003254771232607,0.1403651386499405,-0.7551131963729858,0.4991690099239349,0.14071950912475586,-0.7550925612449646,0.4487734794616699,0.14030027985572815,-0.7567862749099732,0.43714106678962705,0.14068296551704407,-0.7568670153617859,0.42610105872154236,0.14131570160388945,-0.7568764448165893,0.5134340524673462,0.14702827334403992,-0.5498711347579956,0.40964638590812685,0.14873965680599213,-0.5674848794937134,0.4802985906600952,0.17333730459213256,-0.6946745395660401,0.4440829873085022,0.1746319353580475,-0.6988519430160522,0.5827189445495605,0.24268213510513306,-0.3737329661846161,0.33676415085792544,0.23621941804885865,-0.45371131896972655,0.5945550441741944,0.35649396777153014,-0.2258616417646408,0.3098228871822357,0.3481427013874054,-0.4034538209438324,0.603325355052948,0.44824169874191283,-0.2910898447036743,0.3008023023605347,0.44331061840057373,-0.5173748373985291,0.6112057089805603,0.4763230085372925,-0.3325243294239044,0.29063656330108645,0.47010865807533264,-0.5700938463211059,0.5983640909194946,0.47680665254592897,-0.40300939083099363,0.3100596308708191,0.4716540098190308,-0.6302141070365905,0.5893538117408752,0.4675139904022217,-0.31814939379692075,0.3192416191101074,0.46297520995140073,-0.5430858969688416,0.513379442691803,0.4394511282444,0.0321710504591465,0.38357977867126464,0.4359684348106384,-0.032628083974123,0.4843971371650696,0.5981956005096436,0.03882365645840764,0.3818391740322113,0.5845186829566955,0.05250903703272343,0.45791012048721313,0.7131093740463257,0.4736149251461029,0.37716607451438905,0.6458746910095214,0.6654392838478088,0.44249139428138734,0.7265817523002625,0.506337147951126,0.3805535078048706,0.651134979724884,0.7243902325630188,0.4916045606136322,0.7701642274856567,0.32374454736709596,0.3606346368789673,0.7045965909957885,0.5911657094955445
Caminando_Frente,0.465403954188029,0.1501481533050537,-0.8316703041394552,0.48012890418370563,0.1350864370663961,-0.8059360980987549,0.4910453160603841,0.13513400653998056,-0.8058643539746603,0.5003790060679117,0.13544164101282755,-0.8058509627978007,0.44898804028828937,0.13571112851301828,-0.8080315987269083,0.43708982070287067,0.13625669479370117,-0.8081183830897013,0.4264485041300456,0.1367544780174891,-0.8081400990486145,0.5147769053777059,0.14163566132386526,-0.565466562906901,0.41037533680597943,0.14383552968502045,-0.5831183393796285,0.48175159096717834,0.16782976686954498,-0.7413847843805949,0.4449634253978729,0.1695463905731837,-0.7462958296140035,0.5887608528137207,0.23841983576615652,-0.35890700419743854,0.3389231363932292,0.2324118415514628,-0.44722535212834674,0.6022247870763143,0.3549719452857971,-0.17559080322583517,0.3113507827123006,0.3461269835631053,-0.39693814516067505,0.6102168361345927,0.44949960708618164,-0.31315561135609943,0.3030869662761688,0.4440968632698059,-0.539728065331777,0.6181693275769552,0.4786391655604045,-0.36554354429244995,0.2930329442024231,0.471062292655309,-0.6019611358642578,0.6041342417399088,0.47899330655733746,-0.4466557403405507,0.313189168771108,0.47257428367932636,-0.6706346472104391,0.5946486393610636,0.4694357216358185,-0.3459111154079437,0.32238929470380145,0.46392589807510376,-0.569190243879954,0.5167500178019205,0.4410808781782786,0.0457686111330986,0.3856837848822276,0.4366709391276042,-0.04620616758863131,0.48721805214881897,0.5992406805356344,0.05311995868881544,0.38951537013053894,0.5910216172536215,-0.009168422780930996,0.4573664963245392,0.7150805592536926,0.5529442230860392,0.3754311005274455,0.6883238951365153,0.5452124973138174,0.44173433383305866,0.7287562886873881,0.5902860959370931,0.3741568823655446,0.6978981097539266,0.5907335678736368,0.49431146184603375,0.7729489207267761,0.36788392066955566,0.3532838622728984,0.7471052408218384,0.3623044242461522
